[
    {
        "kitchName": "National foods 🍝",
        "price": 50000,
        "description": "Juda mazali",
        "url": "https://burst.shopifycdn.com/photos/flatlay-iron-skillet-with-meat-and-other-food.jpg?width=1200&format=pjpg&exif=1&iptc=1",
        "name": "Manti"
    },
    {
        "kitchName": "National foods 🍝",
        "price": 50000,
        "description": "Juda mazali",
        "url": "https://burst.shopifycdn.com/photos/flatlay-iron-skillet-with-meat-and-other-food.jpg?width=1200&format=pjpg&exif=1&iptc=1",
        "name": "Osh"
    },
    {
        "kitchName": "National foods 🍝",
        "price": 50000,
        "description": "Juda mazali",
        "url": "https://burst.shopifycdn.com/photos/flatlay-iron-skillet-with-meat-and-other-food.jpg?width=1200&format=pjpg&exif=1&iptc=1",
        "name": "Norin"
    },
    {
        "kitchName": "National foods 🍝",
        "price": 50000,
        "description": "Juda mazali",
        "url": "https://burst.shopifycdn.com/photos/flatlay-iron-skillet-with-meat-and-other-food.jpg?width=1200&format=pjpg&exif=1&iptc=1",
        "name": "Qazi"
    },
    {
        "kitchName": "European foods 🍖",
        "price": 50000,
        "description": "Juda mazali",
        "url": "https://media.istockphoto.com/photos/table-top-view-of-spicy-food-picture-id1316145932?b=1&k=20&m=1316145932&s=170667a&w=0&h=feyrNSTglzksHoEDSsnrG47UoY_XX4PtayUPpSMunQI=",
        "name": "Tabaka"
    },
    {
        "kitchName": "European foods 🍖",
        "price": 50000,
        "description": "Juda mazali",
        "url": "https://media.istockphoto.com/photos/table-top-view-of-spicy-food-picture-id1316145932?b=1&k=20&m=1316145932&s=170667a&w=0&h=feyrNSTglzksHoEDSsnrG47UoY_XX4PtayUPpSMunQI=",
        "name": "Grill"
    },
    {
        "kitchName": "European foods 🍖",
        "price": 50000,
        "description": "Juda mazali",
        "url": "https://media.istockphoto.com/photos/table-top-view-of-spicy-food-picture-id1316145932?b=1&k=20&m=1316145932&s=170667a&w=0&h=feyrNSTglzksHoEDSsnrG47UoY_XX4PtayUPpSMunQI=",
        "name": "Bishteks"
    },
    {
        "kitchName": "European foods 🍖",
        "price": 50000,
        "description": "Juda mazali",
        "url": "https://media.istockphoto.com/photos/table-top-view-of-spicy-food-picture-id1316145932?b=1&k=20&m=1316145932&s=170667a&w=0&h=feyrNSTglzksHoEDSsnrG47UoY_XX4PtayUPpSMunQI=",
        "name": "Spagetti"
    },

    {
        "kitchName": "Fast foods 🍔",
        "price": 50000,
        "description": "Juda mazali",
        "url": "https://img.freepik.com/premium-photo/big-hamburger-with-double-beef-french-fries_252907-8.jpg?w=2000",
        "name": "Burger"
    },
    {
        "kitchName": "Fast foods 🍔",
        "price": 50000,
        "description": "Juda mazali",
        "url": "https://img.freepik.com/premium-photo/big-hamburger-with-double-beef-french-fries_252907-8.jpg?w=2000",
        "name": "Doner"
    },
    {
        "kitchName": "Fast foods 🍔",
        "price": 50000,
        "description": "Juda mazali",
        "url": "https://img.freepik.com/premium-photo/big-hamburger-with-double-beef-french-fries_252907-8.jpg?w=2000",
        "name": "Hot-dof"
    },
    {
        "kitchName": "Fast foods 🍔",
        "price": 50000,
        "description": "Juda mazali",
        "url": "https://img.freepik.com/premium-photo/big-hamburger-with-double-beef-french-fries_252907-8.jpg?w=2000",
        "name": "Shaurma"
    },
    {
        "kitchName": "Sea foods 🍚",
        "price": 50000,
        "description": "Juda mazali",
        "url": "https://static8.depositphotos.com/1194063/892/i/950/depositphotos_8929411-stock-photo-seafood-on-ice.jpg",
        "name": "Sazan"
    },
    {
        "kitchName": "Sea foods 🍚",
        "price": 50000,
        "description": "Juda mazali",
        "url": "https://static8.depositphotos.com/1194063/892/i/950/depositphotos_8929411-stock-photo-seafood-on-ice.jpg",
        "name": "Talstalob"
    },
    {
        "kitchName": "Sea foods 🍚",
        "price": 50000,
        "description": "Juda mazali",
        "url": "https://static8.depositphotos.com/1194063/892/i/950/depositphotos_8929411-stock-photo-seafood-on-ice.jpg",
        "name": "Akula-go'shti"
    },
    {
        "kitchName": "Sea foods 🍚",
        "price": 50000,
        "description": "Juda mazali",
        "url": "https://static8.depositphotos.com/1194063/892/i/950/depositphotos_8929411-stock-photo-seafood-on-ice.jpg",
        "name": "Kit-go'shtidan dimlama"
    }
]