[
    {
        "phone": "+998998194495",
        "name": "Nodir",
        "location": "41, Lee's Summit, MO 64064, United States of America"
    },
    {
        "phone": "+998998194495",
        "name": "Nodir",
        "location": "41, Lee's Summit, MO 64064, United States of America"
    },
    {
        "phone": "998998194495",
        "name": "Ali",
        "location": "41, Delta, BC V4M 4G6, Canada"
    },
    {
        "phone": "998995552120",
        "name": "Dfdhshs",
        "location": "41, Lee's Summit, MO 64064, United States of America"
    },
    {
        "phone": "998900033706",
        "name": "Akmal",
        "location": "41, Delta, BC V4M 4G6, Canada"
    },
    {
        "phone": "+998998194495",
        "name": "Mahmud",
        "location": "41, Delta, BC V4M 4G6, Canada"
    },
    {
        "phone": "+998998194495",
        "name": "Nodir",
        "location": "undefined"
    }
]